{"武汉": {"东西湖": [80.33792644145215, 16.685234218022888, 2.0, 168.96373056994818, 1220.0], "汉阳": [88.37525868260694, 17.870274978925163, 3.0, 212.70004657661855, 1907.0], "东湖高新": [93.31847255240808, 29.649755356496776, 2.0, 478.8227305218013, 2851.0], "武昌": [99.69664997560696, 34.46374042689023, 2.0, 291.26772952171524, 2463.0], "洪山": [93.07705122096328, 27.520346396480367, 2.0, 369.4292491749175, 2949.0], "硚口": [92.80254681127977, 25.569169848309794, 1.0, 180.29694570135746, 2167.0], "江汉": [96.6483562122704, 27.38695217513025, 1.0, 205.30264573026457, 1558.0], "江岸": [83.55769498937255, 18.933527494796213, 1.0, 206.711867525299, 1778.0]}, "南京": {"雨花台": [87.5099964718104, 117.54480524985337, 50.0, 894.1269633507853, 2808.0], "建邺": [77.76743466746248, 153.8191343691748, 68.0, 913.9711649365629, 2381.0], "江宁": [85.46910285950058, 68.4481985659059, 57.0, 1004.0968838526912, 2968.0], "栖霞": [70.92092096183814, 97.33090644057343, 235.0, 1209.1625947767482, 2860.0], "浦口": [85.93128345765622, 19.307211464682723, 278.0, 1007.623828647925, 2164.0], "鼓楼": [73.23240135767114, 151.0192012440137, 52.0, 1201.4617647058824, 2911.0], "秦淮": [82.10146696536873, 140.31354541926373, 40.0, 1045.109512390088, 2863.0], "玄武": [72.43808147358934, 131.5511698336464, 136.0, 1027.0820353063343, 2753.0]}, "天津": {"河西": [73.09932720797678, 88.25514975828463, 131.0, 838.0906095551894, 1906.0], "津南": [75.94033957421495, 64.04561329464185, 18.0, 1235.862745098039, 2796.0], "红桥": [75.37265134392119, 75.73823017330557, 204.0, 1250.6200873362445, 2869.0], "东丽": [82.89661249875205, 30.627314780460033, 160.0, 1132.5474137931035, 2959.0], "西青": [82.55322936142484, 45.528721661161875, 315.0, 2035.5276872964168, 2943.0], "河北": [79.17670784795428, 81.53736700343364, 40.0, 597.9466666666667, 2164.0], "河东": [73.83192644171945, 72.26466564539196, 48.0, 978.0559540889526, 2673.0], "和平": [64.70249665110018, 157.6066474553642, 275.0, 630.925925925926, 1297.0], "南开": [85.11578905412411, 91.35055710367382, 3.0, 765.8220973782771, 2452.0], "北辰": [89.942926112735, 21.86348160611282, 105.0, 815.8504854368932, 2979.0]}, "广州": {"天河": [154.30698857287211, 73.77370578901774, 20.0, 1070.9696, 2653.0], "花都": [88.71423968902971, 11.826319207512022, 580.0, 924.5, 1104.0], "增城": [77.08061556403999, 22.18441860792826, 359.0, 895.6666666666666, 1223.0], "越秀": [162.51056081848475, 110.7797966289817, 10.0, 581.0530612244899, 1144.0], "海珠": [154.92197264087116, 59.28861570954252, 43.0, 743.2946330777656, 2432.0], "白云": [136.8489160600185, 32.08111825907547, 32.0, 1214.2815829528158, 2933.0], "荔湾": [131.12911145849063, 60.85358536451257, 64.0, 663.1457194899817, 1593.0], "番禺": [113.5829584838686, 34.94585945903823, 28.0, 1110.3510638297873, 2572.0], "黄埔": [124.65584872884354, 30.923235787926043, 88.0, 843.1794871794872, 1967.0]}, "成都": {"武侯": [65.27913194233122, 90.44474081456326, 94.0, 760.4482323232323, 2282.0], "天府新区": [56.672174294984444, 75.4441233762231, 100.0, 1260.633484162896, 2533.0], "锦江": [59.255004388869004, 113.52687635500455, 18.0, 735.3164948453608, 1804.0], "青羊": [58.945051473785306, 83.52764445900115, 38.0, 657.3316683316683, 1509.0], "成华": [65.9348335542723, 69.35063429233405, 107.0, 707.9832810867293, 1671.0], "双流": [95.85688423168659, 10.413450649583835, 2895.0, 2895.0, 2895.0], "高新": [62.762674482706814, 90.70250883679817, 135.0, 1395.9122807017543, 2921.0], "金牛": [76.46668389473759, 51.631718818506776, 59.0, 782.1122112211222, 1841.0]}, "杭州": {"下城": [100.78362099065392, 130.86986506982882, 103.0, 1087.974293059126, 2905.0], "余杭": [106.95986225462332, 43.34169246449379, 33.0, 994.9586563307494, 2967.0], "下沙": [80.49779378505328, 115.63328036805694, 11.0, 1083.985093167702, 2987.0], "拱墅": [110.985315295462, 100.88430595494543, 147.0, 1325.804761904762, 2688.0], "滨江": [144.0423621919798, 73.08349669101776, 38.0, 1346.1507159005275, 2857.0], "江干": [112.17440154049818, 115.00712590241291, 73.0, 1156.2935206869633, 2936.0], "上城": [108.80714730762406, 172.6819514576604, 166.0, 742.687338501292, 1573.0], "西湖": [112.84898588569204, 101.26836139718378, 126.0, 1064.8307155322861, 2974.0], "萧山": [129.04242838099657, 47.61939156508559, 57.0, 1524.241987179487, 2959.0], "钱塘新区": [141.2494524647495, 25.948064676383673, 608.0, 608.0, 608.0]}, "深圳": {"福田区": [137.37013222707074, 171.71738830663236, 6.0, 519.7824427480916, 1480.0], "南山区": [157.34941396572162, 166.78276415795028, 1.0, 661.077479338843, 2715.0], "龙华区": [102.66371808259395, 164.03485700835577, 9.0, 999.4100917431192, 2225.0], "罗湖区": [111.61353996173203, 140.66404376713407, 7.0, 514.6750503018109, 2977.0], "龙岗区": [96.91314756512523, 120.53083749691321, 8.0, 995.3344756682659, 2844.0], "宝安区": [120.94359393180942, 152.21160370827525, 6.0, 892.8208041958042, 2914.0]}, "上海": {"徐汇": [125.39789433418535, 193.7389637607119, 30.0, 745.5638095238095, 2971.0], "静安": [130.8073858301518, 222.28314680276475, 137.0, 612.6007462686567, 1072.0], "长宁": [125.6396984395592, 192.00176899560367, 1.0, 692.121835443038, 2254.0], "闵行": [96.6835395472998, 193.43458969104665, 1.0, 1038.863088057901, 2982.0], "杨浦": [113.59411688019887, 192.63348649993722, 6.0, 794.5697211155378, 2439.0], "宝山": [82.47755154746176, 157.9267230486021, 5.0, 1121.8435475834578, 2829.0], "嘉定": [64.76336236689488, 154.6708289394674, 5.0, 1247.5125768585801, 2885.0], "普陀": [107.10742053317999, 200.09974289957225, 15.0, 899.6593172119487, 2672.0], "浦东": [114.69947974442276, 188.91205934215918, 34.0, 784.3481141692151, 2727.0], "黄浦": [137.83742449954343, 278.6155546925699, 1.0, 455.0580985915493, 1047.0], "青浦": [62.95984263467002, 174.38658555198288, 50.0, 879.5972540045767, 2709.0], "虹口": [117.87352455337086, 189.74865157266063, 38.0, 862.0890410958904, 2409.0], "新静安": [110.44464583674221, 196.5869774182267, 92.0, 870.871724137931, 2316.0], "松江": [78.64686222468463, 155.59664826794545, 62.0, 1294.3174030658251, 2934.0]}, "北京": {"昌平": [95.16951884411802, 297.58491642900754, 192.0, 1112.0570934256054, 2984.0], "通州": [67.92929438767091, 261.91330497392767, 114.0, 1139.1014492753623, 2967.0], "顺义": [64.42436733536799, 195.85926777476303, 340.0, 1369.8176412289395, 2884.0], "亦庄开发区": [91.70180998545862, 218.3820840821096, 221.0, 1076.5159010600707, 2931.0], "海淀": [133.71641280467998, 338.6992418868425, 6.0, 838.585562847047, 2971.0], "石景山": [92.16399946949475, 229.7843556568783, 42.0, 1155.0131291028447, 2632.0], "丰台": [104.997458291994, 323.1967419875196, 22.0, 740.851317752362, 2858.0], "大兴": [73.90949334144058, 235.45069642842998, 38.0, 909.7365269461078, 2819.0], "门头沟": [70.48840500070875, 192.58196710257192, 201.0, 1599.4936170212766, 2928.0], "房山": [60.597173379068636, 164.18349495569643, 110.0, 1112.2276621787025, 2888.0], "东城": [123.34586015736824, 249.64690255483558, 10.0, 662.7804090419806, 1498.0], "朝阳": [148.10795511106087, 279.239840550708, 20.0, 709.7163702690378, 2173.0], "西城": [133.3284181331363, 267.51525228511196, 21.0, 835.1956403269754, 2855.0]}}